date,members,with_prices,coverage
2013-02-14,497,391,0.7867203219315896
2013-02-15,497,391,0.7867203219315896
2013-02-19,497,391,0.7867203219315896
2013-02-25,497,391,0.7867203219315896
2013-02-26,497,391,0.7867203219315896
2013-02-27,497,391,0.7867203219315896
2013-03-11,497,391,0.7867203219315896
2013-03-15,497,391,0.7867203219315896
2013-03-18,497,391,0.7867203219315896
2013-03-19,497,391,0.7867203219315896
2013-04-01,497,391,0.7867203219315896
2013-04-05,497,391,0.7867203219315896
2013-04-08,497,391,0.7867203219315896
2013-04-09,497,391,0.7867203219315896
2013-04-19,497,391,0.7867203219315896
2013-04-25,497,391,0.7867203219315896
2013-04-26,497,388,0.7806841046277666
2013-04-29,497,391,0.7867203219315896
2013-05-01,497,392,0.7887323943661971
2013-05-02,497,392,0.7887323943661971
2013-05-07,496,392,0.7903225806451613
2013-05-08,496,392,0.7903225806451613
2013-05-09,497,393,0.7907444668008048
2013-05-10,497,393,0.7907444668008048
2013-05-13,497,393,0.7907444668008048
2013-05-15,497,393,0.7907444668008048
2013-05-16,497,393,0.7907444668008048
2013-05-17,497,393,0.7907444668008048
2013-05-24,497,394,0.7927565392354124
2013-05-28,497,394,0.7927565392354124
2013-05-30,497,394,0.7927565392354124
2013-06-05,497,394,0.7927565392354124
2013-06-06,497,394,0.7927565392354124
2013-06-07,497,394,0.7927565392354124
2013-06-10,497,395,0.7947686116700201
2013-06-11,497,395,0.7947686116700201
2013-06-19,497,396,0.7967806841046278
2013-06-24,497,397,0.7987927565392354
2013-06-25,497,397,0.7987927565392354
2013-06-26,497,397,0.7987927565392354
2013-06-27,497,397,0.7987927565392354
2013-07-01,497,398,0.8008048289738431
2013-07-02,497,398,0.8008048289738431
2013-07-09,497,399,0.8028169014084507
2013-07-10,497,399,0.8028169014084507
2013-07-12,497,399,0.8028169014084507
2013-07-16,497,398,0.8008048289738431
2013-07-17,497,399,0.8028169014084507
2013-07-18,497,399,0.8028169014084507
2013-07-30,497,399,0.8028169014084507
2013-08-05,497,399,0.8028169014084507
2013-08-06,497,399,0.8028169014084507
2013-08-07,497,399,0.8028169014084507
2013-08-19,497,399,0.8028169014084507
2013-08-23,497,399,0.8028169014084507
2013-08-26,497,399,0.8028169014084507
2013-08-27,497,399,0.8028169014084507
2013-09-09,497,397,0.7987927565392354
2013-09-11,497,398,0.8008048289738431
2013-09-12,497,400,0.8048289738430584
2013-09-13,497,400,0.8048289738430584
2013-09-16,497,400,0.8048289738430584
2013-09-17,497,400,0.8048289738430584
2013-09-23,497,401,0.806841046277666
2013-09-24,497,401,0.806841046277666
2013-09-26,497,401,0.806841046277666
2013-09-27,497,401,0.806841046277666
2013-09-30,497,401,0.806841046277666
2013-10-10,497,401,0.806841046277666
2013-10-16,497,401,0.806841046277666
2013-10-17,497,401,0.806841046277666
2013-10-18,497,401,0.806841046277666
2013-10-29,497,401,0.806841046277666
2013-10-30,497,401,0.806841046277666
2013-11-01,497,401,0.806841046277666
2013-11-05,497,401,0.806841046277666
2013-11-06,497,401,0.806841046277666
2013-11-07,497,401,0.806841046277666
2013-11-13,497,402,0.8088531187122736
2013-11-14,497,402,0.8088531187122736
2013-11-19,497,402,0.8088531187122736
2013-11-25,497,402,0.8088531187122736
2013-11-26,497,402,0.8088531187122736
2013-11-27,497,402,0.8088531187122736
2013-12-02,497,403,0.8108651911468813
2013-12-03,497,403,0.8108651911468813
2013-12-09,496,403,0.8125
2013-12-10,497,404,0.8128772635814889
2013-12-11,497,404,0.8128772635814889
2013-12-12,497,404,0.8128772635814889
2013-12-16,497,404,0.8128772635814889
2013-12-17,497,404,0.8128772635814889
2013-12-18,497,404,0.8128772635814889
2013-12-23,497,407,0.8189134808853119
2013-12-24,497,407,0.8189134808853119
2013-12-31,497,407,0.8189134808853119
2014-01-07,497,407,0.8189134808853119
2014-01-08,497,407,0.8189134808853119
2014-01-09,497,407,0.8189134808853119
2014-01-22,497,407,0.8189134808853119
2014-01-24,497,408,0.8209255533199196
2014-01-27,497,408,0.8209255533199196
2014-01-28,497,408,0.8209255533199196
2014-01-29,497,408,0.8209255533199196
2014-01-30,497,408,0.8209255533199196
2014-02-11,497,408,0.8209255533199196
2014-02-18,497,408,0.8209255533199196
2014-02-19,497,408,0.8209255533199196
2014-02-20,497,408,0.8209255533199196
2014-03-04,497,408,0.8209255533199196
2014-03-10,497,408,0.8209255533199196
2014-03-11,497,408,0.8209255533199196
2014-03-12,497,408,0.8209255533199196
2014-03-24,497,408,0.8209255533199196
2014-03-25,497,408,0.8209255533199196
2014-03-26,497,408,0.8209255533199196
2014-03-28,497,408,0.8209255533199196
2014-03-31,497,408,0.8209255533199196
2014-04-01,497,408,0.8209255533199196
2014-04-02,497,409,0.8229376257545271
2014-04-03,498,410,0.8232931726907631
2014-04-04,498,410,0.8232931726907631
2014-04-11,498,410,0.8232931726907631
2014-04-17,498,410,0.8232931726907631
2014-04-21,498,410,0.8232931726907631
2014-04-22,498,410,0.8232931726907631
2014-05-01,498,412,0.8273092369477911
2014-05-02,498,412,0.8273092369477911
2014-05-06,498,412,0.8273092369477911
2014-05-07,497,412,0.8289738430583501
2014-05-08,498,413,0.8293172690763052
2014-05-09,498,413,0.8293172690763052
2014-05-12,498,413,0.8293172690763052
2014-05-13,498,413,0.8293172690763052
2014-05-14,498,413,0.8293172690763052
2014-05-22,498,413,0.8293172690763052
2014-05-29,498,413,0.8293172690763052
2014-05-30,498,413,0.8293172690763052
2014-06-02,498,413,0.8293172690763052
2014-06-12,498,413,0.8293172690763052
2014-06-18,498,413,0.8293172690763052
2014-06-19,498,413,0.8293172690763052
2014-06-20,498,414,0.8313253012048193
2014-06-23,498,414,0.8313253012048193
2014-06-24,498,414,0.8313253012048193
2014-07-01,498,415,0.8333333333333334
2014-07-02,498,416,0.8353413654618473
2014-07-03,498,416,0.8353413654618473
2014-07-07,498,416,0.8353413654618473
2014-07-09,498,416,0.8353413654618473
2014-07-10,498,416,0.8353413654618473
2014-07-11,498,416,0.8353413654618473
2014-07-16,498,416,0.8353413654618473
2014-07-22,498,416,0.8353413654618473
2014-07-23,498,416,0.8353413654618473
2014-07-24,498,416,0.8353413654618473
2014-08-05,498,416,0.8353413654618473
2014-08-07,499,417,0.8356713426853707
2014-08-08,499,417,0.8356713426853707
2014-08-11,499,417,0.8356713426853707
2014-08-12,499,417,0.8356713426853707
2014-08-13,499,417,0.8356713426853707
2014-08-19,499,417,0.8356713426853707
2014-08-20,499,417,0.8356713426853707
2014-08-25,499,417,0.8356713426853707
2014-08-29,499,417,0.8356713426853707
2014-09-02,499,417,0.8356713426853707
2014-09-03,499,417,0.8356713426853707
2014-09-15,499,417,0.8356713426853707
2014-09-19,499,417,0.8356713426853707
2014-09-22,499,419,0.8396793587174348
2014-09-23,499,419,0.8396793587174348
2014-09-24,499,419,0.8396793587174348
2014-09-25,499,419,0.8396793587174348
2014-10-03,499,419,0.8396793587174348
2014-10-09,499,419,0.8396793587174348
2014-10-10,499,419,0.8396793587174348
2014-10-13,499,419,0.8396793587174348
2014-10-23,499,419,0.8396793587174348
2014-10-24,499,419,0.8396793587174348
2014-11-05,499,419,0.8396793587174348
2014-11-06,499,419,0.8396793587174348
2014-11-07,499,419,0.8396793587174348
2014-11-11,499,419,0.8396793587174348
2014-11-12,499,419,0.8396793587174348
2014-11-13,499,419,0.8396793587174348
2014-11-25,499,419,0.8396793587174348
2014-12-02,499,419,0.8396793587174348
2014-12-03,499,419,0.8396793587174348
2014-12-04,499,419,0.8396793587174348
2014-12-05,499,420,0.8416833667334669
2014-12-08,499,420,0.8416833667334669
2014-12-16,499,420,0.8416833667334669
2014-12-22,499,420,0.8416833667334669
2014-12-23,499,420,0.8416833667334669
2014-12-24,499,420,0.8416833667334669
2015-01-07,499,420,0.8416833667334669
2015-01-13,499,420,0.8416833667334669
2015-01-14,499,420,0.8416833667334669
2015-01-15,499,420,0.8416833667334669
2015-01-27,499,421,0.843687374749499
2015-01-28,499,421,0.843687374749499
2015-01-30,499,421,0.843687374749499
2015-02-10,499,421,0.843687374749499
2015-02-17,499,421,0.843687374749499
2015-02-18,499,421,0.843687374749499
2015-02-19,499,421,0.843687374749499
2015-03-03,499,421,0.843687374749499
2015-03-09,499,419,0.8396793587174348
2015-03-10,499,419,0.8396793587174348
2015-03-11,499,419,0.8396793587174348
2015-03-12,499,420,0.8416833667334669
2015-03-13,499,420,0.8416833667334669
2015-03-17,498,420,0.8433734939759037
2015-03-18,499,421,0.843687374749499
2015-03-19,499,421,0.843687374749499
2015-03-23,500,427,0.854
2015-03-24,500,427,0.854
2015-03-25,500,427,0.854
2015-03-27,500,427,0.854
2015-03-30,500,427,0.854
2015-03-31,500,427,0.854
2015-04-07,500,428,0.856
2015-04-08,500,428,0.856
2015-04-13,500,428,0.856
2015-04-17,500,428,0.856
2015-04-20,500,428,0.856
2015-04-21,500,428,0.856
2015-05-01,500,428,0.856
2015-05-07,500,428,0.856
2015-05-08,500,428,0.856
2015-05-11,500,428,0.856
2015-05-14,500,428,0.856
2015-05-20,500,428,0.856
2015-05-21,500,428,0.856
2015-05-22,500,428,0.856
2015-06-04,500,428,0.856
2015-06-10,500,428,0.856
2015-06-11,500,428,0.856
2015-06-12,500,429,0.858
2015-06-15,500,429,0.858
2015-06-16,500,429,0.858
2015-06-24,500,429,0.858
2015-06-30,499,429,0.8597194388777555
2015-07-01,500,430,0.86
2015-07-02,500,431,0.862
2015-07-06,500,432,0.864
2015-07-07,499,432,0.8657314629258517
2015-07-08,499,432,0.8657314629258517
2015-07-09,500,433,0.866
2015-07-10,500,433,0.866
2015-07-15,500,433,0.866
2015-07-20,500,434,0.868
2015-07-21,500,434,0.868
2015-07-22,500,434,0.868
2015-07-23,500,434,0.868
2015-07-27,499,434,0.8697394789579158
2015-07-28,499,434,0.8697394789579158
2015-07-29,500,435,0.87
2015-07-30,500,435,0.87
2015-08-04,500,435,0.87
2015-08-10,500,435,0.87
2015-08-11,500,435,0.87
2015-08-12,500,435,0.87
2015-08-21,500,435,0.87
2015-08-24,500,435,0.87
2015-08-25,500,435,0.87
2015-08-31,500,436,0.872
2015-09-01,500,436,0.872
2015-09-03,500,437,0.874
2015-09-04,500,437,0.874
2015-09-09,500,437,0.874
2015-09-11,500,437,0.874
2015-09-14,500,437,0.874
2015-09-15,500,437,0.874
2015-09-21,503,439,0.8727634194831014
2015-09-22,503,439,0.8727634194831014
2015-09-25,503,439,0.8727634194831014
2015-10-01,503,439,0.8727634194831014
2015-10-02,503,439,0.8727634194831014
2015-10-05,503,439,0.8727634194831014
2015-10-08,503,440,0.8747514910536779
2015-10-09,503,440,0.8747514910536779
2015-10-15,503,440,0.8747514910536779
2015-10-16,503,440,0.8747514910536779
2015-10-28,503,441,0.8767395626242545
2015-11-02,503,442,0.878727634194831
2015-11-03,503,442,0.878727634194831
2015-11-04,503,442,0.878727634194831
2015-11-05,503,442,0.878727634194831
2015-11-09,503,442,0.878727634194831
2015-11-10,504,442,0.876984126984127
2015-11-17,503,442,0.878727634194831
2015-11-18,502,443,0.8824701195219123
2015-11-19,503,444,0.882703777335984
2015-11-20,503,444,0.882703777335984
2015-11-23,503,444,0.882703777335984
2015-11-24,503,444,0.882703777335984
2015-11-25,503,444,0.882703777335984
2015-11-30,504,445,0.8829365079365079
2015-12-01,503,445,0.8846918489065606
2015-12-02,503,445,0.8846918489065606
2015-12-03,503,445,0.8846918489065606
2015-12-07,503,445,0.8846918489065606
2015-12-08,503,445,0.8846918489065606
2015-12-09,503,445,0.8846918489065606
2015-12-14,502,445,0.8864541832669323
2015-12-15,502,445,0.8864541832669323
2015-12-21,502,445,0.8864541832669323
2015-12-28,501,445,0.8882235528942116
2015-12-29,502,446,0.8884462151394422
2015-12-30,502,446,0.8884462151394422
2015-12-31,502,446,0.8884462151394422
2016-01-04,504,446,0.8849206349206349
2016-01-05,504,447,0.8869047619047619
2016-01-06,504,447,0.8869047619047619
2016-01-12,504,445,0.8829365079365079
2016-01-15,504,447,0.8869047619047619
2016-01-19,505,448,0.8871287128712871
2016-01-20,505,448,0.8871287128712871
2016-01-21,505,448,0.8871287128712871
2016-01-22,505,448,0.8871287128712871
2016-01-25,505,448,0.8871287128712871
2016-01-26,505,448,0.8871287128712871
2016-02-01,505,450,0.8910891089108911
2016-02-02,505,450,0.8910891089108911
2016-02-03,505,450,0.8910891089108911
2016-02-04,505,450,0.8910891089108911
2016-02-05,505,450,0.8910891089108911
2016-02-16,505,450,0.8910891089108911
2016-02-22,505,451,0.8930693069306931
2016-02-23,505,451,0.8930693069306931
2016-02-24,505,451,0.8930693069306931
2016-02-25,505,451,0.8930693069306931
2016-02-26,505,451,0.8930693069306931
2016-03-03,504,451,0.8948412698412699
2016-03-04,504,452,0.8968253968253969
2016-03-07,505,453,0.897029702970297
2016-03-08,505,453,0.897029702970297
2016-03-09,505,453,0.897029702970297
2016-03-11,505,453,0.897029702970297
2016-03-14,505,453,0.897029702970297
2016-03-15,505,453,0.897029702970297
2016-03-18,505,453,0.897029702970297
2016-03-24,504,453,0.8988095238095238
2016-03-28,504,453,0.8988095238095238
2016-03-29,504,453,0.8988095238095238
2016-03-30,505,455,0.900990099009901
2016-03-31,505,455,0.900990099009901
2016-04-04,505,455,0.900990099009901
2016-04-05,505,456,0.902970297029703
2016-04-08,506,457,0.9031620553359684
2016-04-11,506,457,0.9031620553359684
2016-04-12,506,457,0.9031620553359684
2016-04-14,506,457,0.9031620553359684
2016-04-15,506,457,0.9031620553359684
2016-04-18,506,458,0.9051383399209486
2016-04-19,506,458,0.9051383399209486
2016-04-20,506,458,0.9051383399209486
2016-04-25,506,459,0.9071146245059288
2016-04-26,506,459,0.9071146245059288
2016-04-28,506,459,0.9071146245059288
2016-05-02,505,459,0.9089108910891089
2016-05-03,506,460,0.9090909090909091
2016-05-04,506,460,0.9090909090909091
2016-05-05,506,460,0.9090909090909091
2016-05-06,506,460,0.9090909090909091
2016-05-11,506,460,0.9090909090909091
2016-05-12,505,460,0.9108910891089109
2016-05-13,506,461,0.9110671936758893
2016-05-16,506,461,0.9110671936758893
2016-05-17,506,461,0.9110671936758893
2016-05-18,506,462,0.9130434782608695
2016-05-19,506,462,0.9130434782608695
2016-05-20,506,462,0.9130434782608695
2016-05-23,506,463,0.9150197628458498
2016-05-24,506,463,0.9150197628458498
2016-05-31,505,464,0.9188118811881189
2016-06-01,505,464,0.9188118811881189
2016-06-03,505,465,0.9207920792079208
2016-06-06,505,465,0.9207920792079208
2016-06-07,505,465,0.9207920792079208
2016-06-08,505,465,0.9207920792079208
2016-06-09,505,465,0.9207920792079208
2016-06-20,505,465,0.9207920792079208
2016-06-21,504,465,0.9226190476190477
2016-06-22,504,465,0.9226190476190477
2016-06-23,504,465,0.9226190476190477
2016-06-24,505,466,0.9227722772277228
2016-06-27,505,466,0.9227722772277228
2016-07-01,504,468,0.9285714285714286
2016-07-05,505,469,0.9287128712871288
2016-07-06,505,469,0.9287128712871288
2016-07-07,505,469,0.9287128712871288
2016-07-11,505,469,0.9287128712871288
2016-07-12,505,469,0.9287128712871288
2016-07-13,505,469,0.9287128712871288
2016-07-25,505,469,0.9287128712871288
2016-07-29,505,469,0.9287128712871288
2016-08-01,505,469,0.9287128712871288
2016-08-02,505,469,0.9287128712871288
2016-08-05,505,469,0.9287128712871288
2016-08-11,505,469,0.9287128712871288
2016-08-12,505,469,0.9287128712871288
2016-08-15,505,469,0.9287128712871288
2016-08-25,505,469,0.9287128712871288
2016-08-31,505,469,0.9287128712871288
2016-09-01,505,469,0.9287128712871288
2016-09-02,505,469,0.9287128712871288
2016-09-06,506,470,0.9288537549407114
2016-09-07,505,470,0.9306930693069307
2016-09-08,506,471,0.9308300395256917
2016-09-09,506,471,0.9308300395256917
2016-09-14,506,471,0.9308300395256917
2016-09-15,506,471,0.9308300395256917
2016-09-16,506,471,0.9308300395256917
2016-09-23,506,472,0.932806324110672
2016-09-26,506,472,0.932806324110672
2016-09-28,506,472,0.932806324110672
2016-10-03,506,473,0.9347826086956522
2016-10-04,506,473,0.9347826086956522
2016-10-05,506,473,0.9347826086956522
2016-10-06,506,473,0.9347826086956522
2016-10-10,506,473,0.9347826086956522
2016-10-18,506,473,0.9347826086956522
2016-10-24,506,473,0.9347826086956522
2016-10-25,506,473,0.9347826086956522
2016-10-26,506,473,0.9347826086956522
2016-10-31,506,473,0.9347826086956522
2016-11-04,506,473,0.9347826086956522
2016-11-07,506,473,0.9347826086956522
2016-11-08,506,473,0.9347826086956522
2016-11-18,506,473,0.9347826086956522
2016-11-25,506,473,0.9347826086956522
2016-11-28,506,473,0.9347826086956522
2016-11-29,506,473,0.9347826086956522
2016-12-02,506,475,0.9387351778656127
2016-12-05,506,475,0.9387351778656127
2016-12-09,506,475,0.9387351778656127
2016-12-12,506,475,0.9387351778656127
2016-12-22,506,475,0.9387351778656127
2016-12-29,506,475,0.9387351778656127
2016-12-30,506,475,0.9387351778656127
2017-01-03,506,475,0.9387351778656127
2017-01-05,506,476,0.9407114624505929
2017-01-06,506,476,0.9407114624505929
2017-01-13,506,476,0.9407114624505929
2017-01-17,506,476,0.9407114624505929
2017-01-18,506,476,0.9407114624505929
2017-01-20,506,476,0.9407114624505929
2017-01-23,506,476,0.9407114624505929
2017-01-24,506,476,0.9407114624505929
2017-01-27,506,476,0.9407114624505929
2017-02-02,506,476,0.9407114624505929
2017-02-03,506,476,0.9407114624505929
2017-02-06,506,476,0.9407114624505929
2017-02-16,506,476,0.9407114624505929
2017-02-23,506,476,0.9407114624505929
2017-02-24,506,476,0.9407114624505929
2017-02-27,505,476,0.9425742574257425
2017-02-28,506,477,0.9426877470355731
2017-03-01,506,478,0.9446640316205533
2017-03-02,506,479,0.9466403162055336
2017-03-03,506,479,0.9466403162055336
2017-03-09,506,479,0.9466403162055336
2017-03-10,506,479,0.9466403162055336
2017-03-13,505,480,0.9504950495049505
2017-03-14,505,480,0.9504950495049505
2017-03-16,506,481,0.950592885375494
2017-03-17,506,481,0.950592885375494
2017-03-20,506,484,0.9565217391304348
2017-03-21,506,484,0.9565217391304348
2017-03-22,506,484,0.9565217391304348
2017-03-28,506,484,0.9565217391304348
2017-03-29,506,484,0.9565217391304348
2017-03-30,506,484,0.9565217391304348
2017-04-04,506,485,0.958498023715415
2017-04-05,506,486,0.9604743083003953
2017-04-06,506,486,0.9604743083003953
2017-04-11,506,486,0.9604743083003953
2017-04-18,506,486,0.9604743083003953
2017-04-19,506,486,0.9604743083003953
2017-04-20,506,486,0.9604743083003953
2017-04-25,506,486,0.9604743083003953
2017-05-01,506,486,0.9604743083003953
2017-05-02,506,486,0.9604743083003953
2017-05-03,506,486,0.9604743083003953
2017-05-15,506,486,0.9604743083003953
2017-05-19,506,486,0.9604743083003953
2017-05-22,506,486,0.9604743083003953
2017-05-23,506,486,0.9604743083003953
2017-06-02,506,487,0.9624505928853755
2017-06-05,506,487,0.9624505928853755
2017-06-06,506,487,0.9624505928853755
2017-06-07,506,487,0.9624505928853755
2017-06-15,505,487,0.9643564356435643
2017-06-16,505,487,0.9643564356435643
2017-06-19,506,491,0.9703557312252964
2017-06-20,506,491,0.9703557312252964
2017-06-22,506,491,0.9703557312252964
2017-06-23,506,491,0.9703557312252964
2017-06-26,506,491,0.9703557312252964
2017-07-07,506,492,0.9723320158102767
2017-07-13,506,492,0.9723320158102767
2017-07-14,506,492,0.9723320158102767
2017-07-17,506,492,0.9723320158102767
2017-07-20,506,492,0.9723320158102767
2017-07-25,505,492,0.9742574257425742
2017-07-26,506,497,0.9822134387351779
2017-07-27,506,497,0.9822134387351779
2017-07-28,506,497,0.9822134387351779
2017-07-31,506,497,0.9822134387351779
2017-08-01,506,497,0.9822134387351779
2017-08-07,507,498,0.9822485207100592
2017-08-08,506,498,0.9841897233201581
2017-08-09,506,498,0.9841897233201581
2017-08-11,506,498,0.9841897233201581
2017-08-15,506,498,0.9841897233201581
2017-08-16,506,498,0.9841897233201581
2017-08-17,506,498,0.9841897233201581
2017-08-28,505,498,0.9861386138613861
2017-08-29,506,499,0.9861660079051383
2017-08-30,506,499,0.9861660079051383
2017-08-31,506,499,0.9861660079051383
2017-09-01,506,501,0.9901185770750988
2017-09-05,506,501,0.9901185770750988
2017-09-12,506,501,0.9901185770750988
2017-09-13,505,501,0.9920792079207921
2017-09-14,505,499,0.9881188118811881
2017-09-18,506,502,0.9920948616600791
2017-09-19,506,502,0.9920948616600791
2017-09-20,506,502,0.9920948616600791
2017-09-21,506,502,0.9920948616600791
2017-09-22,506,502,0.9920948616600791
2017-10-02,506,502,0.9920948616600791
2017-10-06,506,502,0.9920948616600791
2017-10-09,506,502,0.9920948616600791
2017-10-10,506,502,0.9920948616600791
2017-10-13,506,503,0.9940711462450593
2017-10-16,506,503,0.9940711462450593
2017-10-19,506,503,0.9940711462450593
2017-10-20,506,503,0.9940711462450593
2017-10-23,506,503,0.9940711462450593
2017-11-02,506,503,0.9940711462450593
2017-11-08,506,503,0.9940711462450593
2017-11-09,506,503,0.9940711462450593
2017-11-10,506,503,0.9940711462450593
2017-11-22,506,503,0.9940711462450593
2017-11-29,506,503,0.9940711462450593
2017-11-30,506,503,0.9940711462450593
2017-12-06,506,504,0.9960474308300395
2017-12-12,506,504,0.9960474308300395
2017-12-13,506,504,0.9960474308300395
2017-12-14,506,504,0.9960474308300395
2017-12-27,506,504,0.9960474308300395
2017-12-29,505,504,0.998019801980198
2018-01-02,505,504,0.998019801980198
2018-01-03,506,505,0.9980237154150198
2018-01-04,506,505,0.9980237154150198
2018-01-05,506,505,0.9980237154150198
2018-01-09,506,505,0.9980237154150198
2018-01-10,506,505,0.9980237154150198
2018-01-11,506,505,0.9980237154150198
2018-01-17,506,505,0.9980237154150198
2018-01-23,506,505,0.9980237154150198
2018-01-24,506,505,0.9980237154150198
2018-01-25,506,505,0.9980237154150198
2018-02-06,506,505,0.9980237154150198
